,Date,HomeTeam,AwayTeam,FTHG,FTAG,FTR,HTHG,HTAG,HTR,HS,AS,HST,AST,HC,AC,HF,AF,HY,AY,HR,AR,ref_name
969,2003-01-01,Arsenal,Chelsea,3.0,2.0,H,1.0,0.0,H,7.0,8.0,7.0,7.0,2.0,7.0,13.0,9.0,0.0,0.0,0.0,0.0,Uriah Rennie
970,2003-01-01,Aston Villa,Bolton,2.0,0.0,H,1.0,0.0,H,12.0,9.0,7.0,4.0,9.0,8.0,14.0,4.0,2.0,0.0,0.0,0.0,Matt Messias
971,2003-01-01,Blackburn,Middlesbrough,1.0,0.0,H,0.0,0.0,D,17.0,7.0,10.0,3.0,5.0,2.0,15.0,8.0,0.0,0.0,0.0,0.0,David Pugh
972,2003-01-01,Everton,Man City,2.0,2.0,D,1.0,1.0,D,12.0,9.0,5.0,2.0,4.0,1.0,13.0,19.0,1.0,2.0,0.0,0.0,Andy D'Urso
973,2003-01-01,Leeds,Birmingham,2.0,0.0,H,1.0,0.0,H,12.0,9.0,6.0,5.0,5.0,8.0,14.0,9.0,1.0,2.0,0.0,0.0,Phil Dowd
974,2003-01-01,Man United,Sunderland,2.0,1.0,H,0.0,1.0,A,31.0,4.0,18.0,1.0,10.0,2.0,12.0,11.0,2.0,1.0,0.0,0.0,Graham Poll
975,2003-01-01,Newcastle,Liverpool,1.0,0.0,H,1.0,0.0,H,8.0,5.0,5.0,4.0,4.0,4.0,6.0,20.0,1.0,3.0,0.0,1.0,Dermot Gallagher
976,2003-01-01,Southampton,Tottenham,1.0,0.0,H,0.0,0.0,D,12.0,11.0,6.0,7.0,5.0,5.0,15.0,5.0,0.0,0.0,0.0,0.0,Mark Halsey
977,2003-11-01,Bolton,Fulham,0.0,0.0,D,0.0,0.0,D,17.0,13.0,5.0,8.0,7.0,4.0,15.0,16.0,1.0,2.0,0.0,0.0,Alan Wiley
978,2003-11-01,Chelsea,Charlton,4.0,1.0,H,3.0,1.0,H,15.0,6.0,7.0,5.0,8.0,4.0,9.0,13.0,4.0,3.0,0.0,0.0,Mike Dean
979,2003-11-01,Liverpool,Aston Villa,1.0,1.0,D,1.0,0.0,H,19.0,8.0,11.0,3.0,9.0,2.0,11.0,18.0,1.0,2.0,0.0,0.0,Paul Durkin
980,2003-11-01,Man City,Leeds,2.0,1.0,H,1.0,0.0,H,11.0,4.0,5.0,3.0,8.0,8.0,9.0,12.0,0.0,4.0,0.0,0.0,Rob Styles
981,2003-11-01,Middlesbrough,Southampton,2.0,2.0,D,0.0,1.0,A,12.0,17.0,4.0,8.0,7.0,4.0,7.0,10.0,0.0,2.0,0.0,0.0,David Elleray
982,2003-11-01,Sunderland,Blackburn,0.0,0.0,D,0.0,0.0,D,9.0,12.0,4.0,4.0,3.0,4.0,18.0,12.0,1.0,3.0,0.0,0.0,Mike Riley
983,2003-11-01,West Brom,Man United,1.0,3.0,A,1.0,2.0,A,9.0,9.0,3.0,4.0,2.0,6.0,10.0,7.0,0.0,1.0,0.0,0.0,Neale Barry
984,2003-11-01,West Ham,Newcastle,2.0,2.0,D,2.0,1.0,H,13.0,12.0,8.0,7.0,5.0,3.0,17.0,18.0,0.0,1.0,0.0,0.0,Jeff Winter
985,2003-12-01,Birmingham,Arsenal,0.0,4.0,A,0.0,2.0,A,10.0,12.0,4.0,9.0,7.0,5.0,13.0,17.0,2.0,2.0,0.0,0.0,Steve Bennett
986,2003-12-01,Tottenham,Everton,4.0,3.0,H,1.0,1.0,D,18.0,13.0,12.0,10.0,9.0,9.0,12.0,10.0,1.0,1.0,0.0,0.0,Steve Dunn
987,2003-01-18,Aston Villa,Tottenham,0.0,1.0,A,0.0,0.0,D,11.0,10.0,5.0,6.0,11.0,5.0,9.0,11.0,1.0,3.0,0.0,0.0,Neale Barry
988,2003-01-18,Blackburn,Birmingham,1.0,1.0,D,1.0,0.0,H,14.0,15.0,10.0,7.0,4.0,11.0,16.0,15.0,2.0,3.0,1.0,0.0,Clive Wilkes
989,2003-01-18,Charlton,Bolton,1.0,1.0,D,0.0,0.0,D,10.0,10.0,5.0,5.0,7.0,7.0,11.0,12.0,0.0,0.0,0.0,0.0,David Elleray
990,2003-01-18,Everton,Sunderland,2.0,1.0,H,0.0,1.0,A,15.0,7.0,9.0,5.0,13.0,8.0,14.0,19.0,2.0,3.0,0.0,0.0,Phil Dowd
991,2003-01-18,Leeds,West Brom,0.0,0.0,D,0.0,0.0,D,10.0,8.0,4.0,1.0,6.0,5.0,11.0,12.0,1.0,1.0,0.0,1.0,Uriah Rennie
992,2003-01-18,Man United,Chelsea,2.0,1.0,H,1.0,1.0,D,10.0,10.0,8.0,5.0,6.0,6.0,9.0,9.0,0.0,0.0,0.0,0.0,Paul Durkin
993,2003-01-18,Newcastle,Man City,2.0,0.0,H,1.0,0.0,H,13.0,6.0,10.0,2.0,7.0,1.0,13.0,13.0,0.0,1.0,0.0,0.0,Graham Poll
994,2003-01-18,Southampton,Liverpool,0.0,1.0,A,0.0,1.0,A,8.0,17.0,4.0,7.0,6.0,4.0,8.0,10.0,1.0,1.0,0.0,0.0,Steve Bennett
995,2003-01-19,Arsenal,West Ham,3.0,1.0,H,1.0,1.0,D,24.0,5.0,13.0,2.0,12.0,1.0,17.0,9.0,3.0,1.0,0.0,1.0,Mike Dean
996,2003-01-19,Fulham,Middlesbrough,1.0,0.0,H,1.0,0.0,H,18.0,8.0,6.0,4.0,8.0,4.0,12.0,12.0,0.0,1.0,0.0,0.0,Mark Halsey
997,2003-01-22,Charlton,West Ham,4.0,2.0,H,2.0,1.0,H,12.0,11.0,4.0,3.0,8.0,2.0,11.0,7.0,0.0,1.0,0.0,0.0,Eddie Wolstenholme
998,2003-01-22,Newcastle,Bolton,1.0,0.0,H,1.0,0.0,H,10.0,12.0,7.0,4.0,7.0,3.0,15.0,6.0,1.0,2.0,0.0,0.0,Phil Dowd
999,2003-01-28,Bolton,Everton,1.0,2.0,A,0.0,2.0,A,7.0,6.0,5.0,4.0,5.0,6.0,8.0,15.0,2.0,1.0,0.0,0.0,Rob Styles
1000,2003-01-28,Chelsea,Leeds,3.0,2.0,H,0.0,1.0,A,13.0,5.0,7.0,5.0,7.0,3.0,6.0,6.0,2.0,1.0,0.0,0.0,Jeff Winter
1001,2003-01-28,Middlesbrough,Aston Villa,2.0,5.0,A,2.0,2.0,D,13.0,15.0,8.0,9.0,6.0,3.0,13.0,11.0,1.0,2.0,0.0,0.0,Dermot Gallagher
1002,2003-01-28,Sunderland,Southampton,0.0,1.0,A,0.0,0.0,D,10.0,12.0,4.0,6.0,5.0,2.0,9.0,13.0,1.0,0.0,0.0,0.0,Neale Barry
1003,2003-01-29,Liverpool,Arsenal,2.0,2.0,D,0.0,1.0,A,16.0,20.0,12.0,15.0,9.0,10.0,14.0,11.0,1.0,1.0,0.0,0.0,Mark Halsey
1004,2003-01-29,Man City,Fulham,4.0,1.0,H,1.0,1.0,D,11.0,6.0,4.0,2.0,9.0,3.0,10.0,10.0,3.0,1.0,0.0,0.0,Steve Bennett
1005,2003-01-29,Tottenham,Newcastle,0.0,1.0,A,0.0,0.0,D,13.0,15.0,7.0,8.0,5.0,4.0,14.0,9.0,0.0,1.0,0.0,0.0,David Elleray
1006,2003-01-29,West Brom,Charlton,0.0,1.0,A,0.0,0.0,D,15.0,3.0,6.0,2.0,6.0,6.0,12.0,14.0,0.0,2.0,0.0,0.0,Andy D'Urso
1007,2003-01-29,West Ham,Blackburn,2.0,1.0,H,0.0,1.0,A,9.0,4.0,7.0,1.0,5.0,4.0,16.0,14.0,1.0,1.0,0.0,0.0,Alan Wiley
1008,2003-01-02,Arsenal,Fulham,2.0,1.0,H,1.0,1.0,D,11.0,3.0,6.0,1.0,6.0,4.0,10.0,16.0,3.0,1.0,0.0,0.0,Eddie Wolstenholme
1009,2003-01-02,Bolton,Birmingham,4.0,2.0,H,1.0,1.0,D,15.0,11.0,10.0,6.0,7.0,4.0,16.0,10.0,2.0,2.0,0.0,0.0,Dermot Gallagher
1010,2003-01-02,Chelsea,Tottenham,1.0,1.0,D,1.0,1.0,D,16.0,8.0,8.0,5.0,11.0,3.0,7.0,15.0,1.0,1.0,0.0,0.0,Paul Durkin
1011,2003-01-02,Everton,Leeds,2.0,0.0,H,0.0,0.0,D,13.0,8.0,5.0,2.0,6.0,4.0,6.0,16.0,0.0,1.0,0.0,0.0,Mark Halsey
1012,2003-01-02,Man City,West Brom,1.0,2.0,A,1.0,1.0,D,12.0,9.0,7.0,5.0,6.0,6.0,10.0,17.0,1.0,2.0,0.0,1.0,Neale Barry
1013,2003-01-02,Southampton,Man United,0.0,2.0,A,0.0,2.0,A,9.0,13.0,4.0,8.0,7.0,6.0,15.0,13.0,2.0,0.0,0.0,0.0,Phil Dowd
1014,2003-01-02,Sunderland,Charlton,1.0,3.0,A,0.0,3.0,A,13.0,14.0,5.0,4.0,8.0,3.0,21.0,12.0,1.0,1.0,0.0,0.0,Alan Wiley
1015,2003-02-02,Aston Villa,Blackburn,3.0,0.0,H,2.0,0.0,H,16.0,7.0,9.0,1.0,9.0,2.0,8.0,21.0,1.0,5.0,0.0,0.0,Mike Dean
1016,2003-02-02,West Ham,Liverpool,0.0,3.0,A,0.0,2.0,A,7.0,11.0,2.0,5.0,6.0,8.0,12.0,12.0,1.0,0.0,0.0,0.0,Matt Messias
1017,2003-04-02,Birmingham,Man United,0.0,1.0,A,0.0,0.0,D,5.0,15.0,3.0,7.0,3.0,5.0,9.0,14.0,1.0,1.0,0.0,0.0,Steve Dunn
1018,2003-08-02,Birmingham,Chelsea,1.0,3.0,A,0.0,1.0,A,7.0,3.0,6.0,3.0,7.0,2.0,13.0,14.0,1.0,4.0,0.0,0.0,Mark Halsey
1019,2003-08-02,Blackburn,Southampton,1.0,0.0,H,1.0,0.0,H,18.0,11.0,11.0,5.0,6.0,6.0,9.0,11.0,0.0,1.0,0.0,0.0,Mike Riley
1020,2003-08-02,Charlton,Everton,2.0,1.0,H,1.0,0.0,H,19.0,14.0,10.0,6.0,4.0,10.0,15.0,10.0,0.0,1.0,0.0,0.0,Jeff Winter
1021,2003-08-02,Fulham,Aston Villa,2.0,1.0,H,2.0,1.0,H,17.0,8.0,10.0,5.0,6.0,5.0,11.0,14.0,1.0,3.0,0.0,0.0,Steve Dunn
1022,2003-08-02,Leeds,West Ham,1.0,0.0,H,1.0,0.0,H,10.0,12.0,7.0,3.0,9.0,6.0,13.0,13.0,2.0,2.0,0.0,1.0,Dermot Gallagher
1023,2003-08-02,Liverpool,Middlesbrough,1.0,1.0,D,0.0,1.0,A,17.0,2.0,10.0,2.0,14.0,3.0,16.0,12.0,0.0,2.0,0.0,0.0,Steve Bennett
1024,2003-08-02,Tottenham,Sunderland,4.0,1.0,H,2.0,1.0,H,16.0,8.0,7.0,6.0,10.0,8.0,12.0,11.0,0.0,2.0,0.0,0.0,Rob Styles
1025,2003-08-02,West Brom,Bolton,1.0,1.0,D,0.0,1.0,A,15.0,7.0,8.0,5.0,5.0,4.0,8.0,12.0,2.0,4.0,0.0,0.0,David Elleray
1026,2003-09-02,Man United,Man City,1.0,1.0,D,1.0,0.0,H,15.0,9.0,8.0,6.0,10.0,4.0,8.0,10.0,1.0,1.0,0.0,0.0,Alan Wiley
1027,2003-09-02,Newcastle,Arsenal,1.0,1.0,D,0.0,1.0,A,6.0,18.0,4.0,10.0,6.0,7.0,11.0,10.0,2.0,2.0,1.0,0.0,Neale Barry
1028,2003-02-19,Fulham,West Brom,3.0,0.0,H,0.0,0.0,D,12.0,9.0,8.0,4.0,2.0,3.0,13.0,18.0,1.0,2.0,0.0,0.0,Uriah Rennie
1029,2003-02-22,Bolton,Man United,1.0,1.0,D,0.0,0.0,D,13.0,7.0,5.0,3.0,8.0,5.0,13.0,10.0,1.0,1.0,0.0,0.0,Andy D'Urso
1030,2003-02-22,Charlton,Aston Villa,3.0,0.0,H,0.0,0.0,D,14.0,13.0,9.0,6.0,6.0,6.0,17.0,20.0,2.0,2.0,0.0,0.0,Phil Dowd
1031,2003-02-22,Chelsea,Blackburn,1.0,2.0,A,0.0,0.0,D,16.0,6.0,9.0,5.0,5.0,2.0,11.0,12.0,2.0,1.0,0.0,0.0,Graham Poll
1032,2003-02-22,Everton,Southampton,2.0,1.0,H,0.0,1.0,A,25.0,11.0,16.0,6.0,17.0,6.0,3.0,13.0,0.0,1.0,0.0,0.0,David Elleray
1033,2003-02-22,Leeds,Newcastle,0.0,3.0,A,0.0,1.0,A,12.0,13.0,5.0,6.0,1.0,7.0,14.0,19.0,0.0,0.0,0.0,0.0,Alan Wiley
1034,2003-02-22,Man City,Arsenal,1.0,5.0,A,0.0,4.0,A,18.0,9.0,12.0,9.0,14.0,4.0,7.0,7.0,0.0,0.0,0.0,0.0,Paul Durkin
1035,2003-02-22,Sunderland,Middlesbrough,1.0,3.0,A,0.0,2.0,A,7.0,9.0,4.0,5.0,4.0,6.0,18.0,16.0,2.0,1.0,0.0,0.0,Mark Halsey
1036,2003-02-23,Birmingham,Liverpool,2.0,1.0,H,1.0,0.0,H,5.0,14.0,2.0,9.0,2.0,6.0,14.0,11.0,2.0,1.0,0.0,0.0,Clive Wilkes
1037,2003-02-23,West Brom,West Ham,1.0,2.0,A,0.0,1.0,A,10.0,7.0,5.0,2.0,7.0,4.0,19.0,12.0,1.0,1.0,0.0,0.0,Mike Dean
1038,2003-02-24,Tottenham,Fulham,1.0,1.0,D,1.0,1.0,D,15.0,8.0,10.0,7.0,5.0,7.0,17.0,13.0,2.0,2.0,1.0,1.0,Graham Barber
1039,2003-01-03,Blackburn,Man City,1.0,0.0,H,1.0,0.0,H,10.0,12.0,7.0,6.0,2.0,4.0,9.0,15.0,2.0,0.0,0.0,0.0,Steve Dunn
1040,2003-01-03,Fulham,Sunderland,1.0,0.0,H,0.0,0.0,D,11.0,15.0,4.0,6.0,8.0,11.0,18.0,13.0,1.0,2.0,0.0,0.0,Eddie Wolstenholme
1041,2003-01-03,Middlesbrough,Everton,1.0,1.0,D,0.0,1.0,A,6.0,11.0,2.0,5.0,4.0,2.0,14.0,8.0,0.0,0.0,0.0,0.0,Uriah Rennie
1042,2003-01-03,Newcastle,Chelsea,2.0,1.0,H,1.0,1.0,D,5.0,8.0,2.0,5.0,5.0,7.0,12.0,22.0,0.0,1.0,0.0,0.0,Jeff Winter
1043,2003-01-03,Southampton,West Brom,1.0,0.0,H,1.0,0.0,H,15.0,12.0,11.0,3.0,9.0,3.0,21.0,20.0,2.0,2.0,0.0,0.0,Dermot Gallagher
1044,2003-01-03,West Ham,Tottenham,2.0,0.0,H,1.0,0.0,H,10.0,9.0,8.0,3.0,8.0,3.0,14.0,9.0,3.0,2.0,0.0,0.0,Neale Barry
1045,2003-02-03,Arsenal,Charlton,2.0,0.0,H,2.0,0.0,H,19.0,6.0,11.0,4.0,12.0,6.0,12.0,12.0,1.0,0.0,0.0,0.0,Rob Styles
1046,2003-03-03,Aston Villa,Birmingham,0.0,2.0,A,0.0,0.0,D,11.0,5.0,4.0,3.0,4.0,3.0,20.0,17.0,1.0,2.0,2.0,0.0,Mark Halsey
1047,2003-05-03,Man United,Leeds,2.0,1.0,H,1.0,0.0,H,15.0,7.0,2.0,6.0,8.0,3.0,10.0,16.0,1.0,1.0,0.0,0.0,Graham Poll
1048,2003-05-03,Middlesbrough,Newcastle,1.0,0.0,H,0.0,0.0,D,10.0,11.0,4.0,0.0,5.0,9.0,13.0,16.0,0.0,3.0,0.0,0.0,Andy D'Urso
1049,2003-08-03,Liverpool,Bolton,2.0,0.0,H,1.0,0.0,H,9.0,10.0,3.0,2.0,3.0,3.0,13.0,11.0,0.0,3.0,0.0,0.0,Graham Barber
1050,2003-03-15,Aston Villa,Man United,0.0,1.0,A,0.0,1.0,A,19.0,13.0,6.0,5.0,6.0,6.0,10.0,10.0,2.0,1.0,0.0,0.0,Mike Dean
1051,2003-03-15,Blackburn,Arsenal,2.0,0.0,H,1.0,0.0,H,10.0,9.0,4.0,5.0,3.0,5.0,11.0,15.0,4.0,2.0,0.0,0.0,Steve Bennett
1052,2003-03-15,Charlton,Newcastle,0.0,2.0,A,0.0,1.0,A,7.0,11.0,5.0,5.0,6.0,4.0,10.0,9.0,1.0,2.0,0.0,0.0,Steve Dunn
1053,2003-03-15,Everton,West Ham,0.0,0.0,D,0.0,0.0,D,11.0,3.0,8.0,2.0,5.0,5.0,14.0,12.0,2.0,0.0,0.0,0.0,Mark Halsey
1054,2003-03-15,Fulham,Southampton,2.0,2.0,D,1.0,0.0,H,3.0,12.0,3.0,5.0,3.0,7.0,8.0,11.0,1.0,0.0,0.0,0.0,Paul Durkin
1055,2003-03-15,Leeds,Middlesbrough,2.0,3.0,A,1.0,2.0,A,14.0,7.0,8.0,3.0,6.0,3.0,16.0,11.0,3.0,2.0,0.0,0.0,David Elleray
1056,2003-03-15,Sunderland,Bolton,0.0,2.0,A,0.0,0.0,D,12.0,13.0,7.0,8.0,8.0,6.0,15.0,12.0,1.0,1.0,0.0,0.0,Jeff Winter
1057,2003-03-16,Man City,Birmingham,1.0,0.0,H,0.0,0.0,D,14.0,7.0,9.0,4.0,7.0,6.0,17.0,7.0,2.0,1.0,1.0,0.0,Matt Messias
1058,2003-03-16,Tottenham,Liverpool,2.0,3.0,A,0.0,0.0,D,12.0,9.0,5.0,6.0,9.0,4.0,21.0,11.0,1.0,1.0,0.0,0.0,Uriah Rennie
1059,2003-03-16,West Brom,Chelsea,0.0,2.0,A,0.0,1.0,A,5.0,11.0,1.0,8.0,2.0,4.0,10.0,8.0,0.0,0.0,0.0,0.0,Andy D'Urso
1060,2003-03-22,Birmingham,West Brom,1.0,0.0,H,0.0,0.0,D,13.0,9.0,6.0,3.0,8.0,3.0,10.0,22.0,0.0,0.0,0.0,0.0,Paul Durkin
1061,2003-03-22,Chelsea,Man City,5.0,0.0,H,2.0,0.0,H,16.0,8.0,10.0,4.0,7.0,6.0,11.0,13.0,1.0,2.0,0.0,1.0,Phil Dowd
1062,2003-03-22,Man United,Fulham,3.0,0.0,H,1.0,0.0,H,18.0,11.0,11.0,6.0,9.0,5.0,11.0,12.0,2.0,1.0,0.0,0.0,Steve Bennett
1063,2003-03-22,Middlesbrough,Charlton,1.0,1.0,D,0.0,1.0,A,15.0,6.0,6.0,4.0,8.0,4.0,9.0,10.0,1.0,2.0,0.0,0.0,Mike Dean
1064,2003-03-22,Newcastle,Blackburn,5.0,1.0,H,1.0,0.0,H,14.0,11.0,8.0,8.0,8.0,3.0,12.0,11.0,1.0,1.0,0.0,0.0,Neale Barry
1065,2003-03-22,Southampton,Aston Villa,2.0,2.0,D,1.0,2.0,A,11.0,13.0,7.0,9.0,4.0,3.0,8.0,17.0,0.0,1.0,0.0,0.0,Graham Barber
1066,2003-03-22,West Ham,Sunderland,2.0,0.0,H,1.0,0.0,H,10.0,4.0,4.0,2.0,4.0,1.0,16.0,12.0,1.0,0.0,0.0,0.0,Rob Styles
1067,2003-03-23,Arsenal,Everton,2.0,1.0,H,1.0,0.0,H,14.0,6.0,10.0,3.0,3.0,5.0,15.0,19.0,2.0,1.0,0.0,0.0,Alan Wiley
1068,2003-03-23,Liverpool,Leeds,3.0,1.0,H,2.0,1.0,H,19.0,11.0,11.0,6.0,4.0,6.0,12.0,17.0,0.0,1.0,0.0,0.0,Andy D'Urso
1069,2003-03-24,Bolton,Tottenham,1.0,0.0,H,0.0,0.0,D,15.0,7.0,8.0,2.0,4.0,9.0,8.0,9.0,0.0,1.0,0.0,0.0,Graham Poll
1070,2003-05-04,Aston Villa,Arsenal,1.0,1.0,D,0.0,0.0,D,6.0,12.0,2.0,5.0,5.0,6.0,19.0,12.0,1.0,2.0,0.0,0.0,Uriah Rennie
1071,2003-05-04,Bolton,Man City,2.0,0.0,H,1.0,0.0,H,5.0,5.0,3.0,2.0,5.0,7.0,6.0,10.0,0.0,5.0,0.0,0.0,Clive Wilkes
1072,2003-05-04,Charlton,Leeds,1.0,6.0,A,1.0,3.0,A,6.0,14.0,4.0,10.0,7.0,8.0,14.0,17.0,2.0,1.0,0.0,0.0,Eddie Wolstenholme
1073,2003-05-04,Man United,Liverpool,4.0,0.0,H,1.0,0.0,H,12.0,5.0,9.0,1.0,10.0,4.0,15.0,17.0,1.0,3.0,0.0,1.0,Mike Riley
1074,2003-05-04,Middlesbrough,West Brom,3.0,0.0,H,1.0,0.0,H,22.0,12.0,12.0,6.0,3.0,5.0,9.0,15.0,0.0,1.0,0.0,0.0,Mark Halsey
1075,2003-05-04,Southampton,West Ham,1.0,1.0,D,1.0,0.0,H,11.0,14.0,5.0,8.0,3.0,8.0,17.0,11.0,3.0,2.0,0.0,0.0,Matt Messias
1076,2003-05-04,Sunderland,Chelsea,1.0,2.0,A,1.0,0.0,H,9.0,13.0,4.0,10.0,3.0,8.0,17.0,11.0,1.0,1.0,0.0,0.0,Dermot Gallagher
1077,2003-05-04,Tottenham,Birmingham,2.0,1.0,H,1.0,0.0,H,12.0,10.0,6.0,4.0,10.0,5.0,20.0,16.0,1.0,1.0,0.0,0.0,David Elleray
1078,2003-06-04,Everton,Newcastle,2.0,1.0,H,1.0,1.0,D,9.0,15.0,7.0,8.0,9.0,5.0,12.0,13.0,1.0,2.0,0.0,0.0,Neale Barry
1079,2003-07-04,Fulham,Blackburn,0.0,4.0,A,0.0,2.0,A,9.0,7.0,4.0,3.0,3.0,4.0,9.0,19.0,0.0,2.0,0.0,0.0,Graham Poll
1080,2003-12-04,Birmingham,Sunderland,2.0,0.0,H,1.0,0.0,H,7.0,2.0,3.0,0.0,6.0,6.0,22.0,19.0,0.0,1.0,0.0,1.0,Phil Dowd
1081,2003-12-04,Blackburn,Charlton,1.0,0.0,H,1.0,0.0,H,11.0,7.0,6.0,5.0,9.0,11.0,10.0,14.0,0.0,0.0,0.0,0.0,Jeff Winter
1082,2003-12-04,Chelsea,Bolton,1.0,0.0,H,0.0,0.0,D,17.0,7.0,8.0,2.0,3.0,1.0,9.0,10.0,1.0,2.0,0.0,0.0,Graham Barber
1083,2003-12-04,Leeds,Tottenham,2.0,2.0,D,1.0,2.0,A,11.0,6.0,4.0,2.0,7.0,4.0,13.0,10.0,1.0,2.0,0.0,0.0,Rob Styles
1084,2003-12-04,Liverpool,Fulham,2.0,0.0,H,1.0,0.0,H,17.0,11.0,11.0,7.0,5.0,6.0,9.0,17.0,1.0,2.0,0.0,0.0,Alan Wiley
1085,2003-12-04,Man City,Middlesbrough,0.0,0.0,D,0.0,0.0,D,9.0,6.0,6.0,1.0,1.0,4.0,12.0,7.0,0.0,1.0,0.0,0.0,Andy D'Urso
1086,2003-12-04,Newcastle,Man United,2.0,6.0,A,1.0,4.0,A,15.0,15.0,9.0,11.0,6.0,6.0,8.0,7.0,1.0,0.0,0.0,0.0,Steve Dunn
1087,2003-12-04,West Brom,Everton,1.0,2.0,A,1.0,2.0,A,12.0,8.0,6.0,3.0,3.0,10.0,9.0,5.0,2.0,2.0,0.0,0.0,Steve Bennett
1088,2003-12-04,West Ham,Aston Villa,2.0,2.0,D,1.0,1.0,D,15.0,6.0,7.0,3.0,10.0,7.0,14.0,12.0,4.0,1.0,0.0,0.0,Mike Dean
1089,2003-04-16,Arsenal,Man United,2.0,2.0,D,0.0,1.0,A,10.0,6.0,7.0,3.0,6.0,2.0,15.0,15.0,0.0,2.0,1.0,0.0,Mark Halsey
1090,2003-04-18,Tottenham,Man City,0.0,2.0,A,0.0,2.0,A,9.0,11.0,6.0,6.0,7.0,9.0,11.0,15.0,2.0,3.0,0.0,0.0,Mike Riley
1091,2003-04-19,Aston Villa,Chelsea,2.0,1.0,H,1.0,0.0,H,19.0,16.0,10.0,10.0,6.0,2.0,11.0,12.0,1.0,0.0,0.0,0.0,Rob Styles
1092,2003-04-19,Bolton,West Ham,1.0,0.0,H,1.0,0.0,H,19.0,9.0,9.0,3.0,8.0,3.0,18.0,9.0,3.0,4.0,0.0,1.0,Uriah Rennie
1093,2003-04-19,Charlton,Birmingham,0.0,2.0,A,0.0,1.0,A,7.0,13.0,5.0,7.0,8.0,5.0,16.0,12.0,2.0,1.0,0.0,0.0,Neale Barry
1094,2003-04-19,Everton,Liverpool,1.0,2.0,A,0.0,1.0,A,9.0,8.0,4.0,2.0,4.0,3.0,15.0,18.0,4.0,3.0,2.0,0.0,Paul Durkin
1095,2003-04-19,Fulham,Newcastle,2.0,1.0,H,0.0,1.0,A,13.0,8.0,6.0,6.0,6.0,13.0,12.0,9.0,1.0,1.0,0.0,1.0,Dermot Gallagher
1096,2003-04-19,Man United,Blackburn,3.0,1.0,H,2.0,1.0,H,18.0,6.0,12.0,1.0,7.0,3.0,8.0,9.0,0.0,0.0,0.0,0.0,Andy D'Urso
1097,2003-04-19,Middlesbrough,Arsenal,0.0,2.0,A,0.0,0.0,D,7.0,6.0,3.0,2.0,3.0,5.0,16.0,12.0,0.0,1.0,0.0,0.0,David Elleray
1098,2003-04-19,Southampton,Leeds,3.0,2.0,H,2.0,0.0,H,16.0,5.0,7.0,3.0,11.0,1.0,8.0,22.0,0.0,4.0,0.0,1.0,Mark Halsey
1099,2003-04-19,Sunderland,West Brom,1.0,2.0,A,0.0,2.0,A,20.0,9.0,13.0,7.0,10.0,5.0,19.0,12.0,4.0,1.0,0.0,0.0,Graham Poll
1100,2003-04-21,Birmingham,Southampton,3.0,2.0,H,0.0,1.0,A,15.0,12.0,9.0,7.0,5.0,3.0,10.0,19.0,0.0,2.0,0.0,0.0,Steve Bennett
1101,2003-04-21,Blackburn,Bolton,0.0,0.0,D,0.0,0.0,D,11.0,6.0,5.0,3.0,9.0,4.0,14.0,13.0,2.0,3.0,0.0,0.0,Mike Dean
1102,2003-04-21,Chelsea,Everton,4.0,1.0,H,1.0,0.0,H,13.0,3.0,9.0,1.0,4.0,0.0,11.0,15.0,1.0,1.0,0.0,0.0,Mike Riley
1103,2003-04-21,Liverpool,Charlton,2.0,1.0,H,0.0,0.0,D,20.0,5.0,10.0,5.0,8.0,9.0,4.0,14.0,0.0,1.0,0.0,0.0,Steve Dunn
1104,2003-04-21,Man City,Sunderland,3.0,0.0,H,2.0,0.0,H,15.0,4.0,8.0,3.0,7.0,3.0,12.0,11.0,0.0,1.0,0.0,0.0,Graham Barber
1105,2003-04-21,Newcastle,Aston Villa,1.0,1.0,D,1.0,0.0,H,16.0,10.0,4.0,7.0,8.0,5.0,6.0,13.0,0.0,1.0,0.0,0.0,Jeff Winter
1106,2003-04-21,West Brom,Tottenham,2.0,3.0,A,1.0,1.0,D,8.0,8.0,8.0,5.0,5.0,8.0,9.0,10.0,2.0,2.0,0.0,0.0,Phil Dowd
1107,2003-04-21,West Ham,Middlesbrough,1.0,0.0,H,0.0,0.0,D,13.0,6.0,9.0,2.0,4.0,6.0,15.0,18.0,1.0,2.0,0.0,0.0,Alan Wiley
1108,2003-04-22,Leeds,Fulham,2.0,0.0,H,1.0,0.0,H,19.0,7.0,7.0,2.0,8.0,4.0,18.0,17.0,0.0,2.0,0.0,0.0,Neale Barry
1109,2003-04-26,Birmingham,Middlesbrough,3.0,0.0,H,2.0,0.0,H,7.0,6.0,6.0,4.0,3.0,3.0,17.0,18.0,1.0,2.0,0.0,0.0,Mike Dean
1110,2003-04-26,Bolton,Arsenal,2.0,2.0,D,0.0,0.0,D,17.0,8.0,11.0,7.0,10.0,4.0,15.0,16.0,2.0,2.0,1.0,0.0,Andy D'Urso
1111,2003-04-26,Charlton,Southampton,2.0,1.0,H,1.0,0.0,H,14.0,14.0,10.0,6.0,7.0,10.0,15.0,12.0,1.0,1.0,0.0,0.0,Alan Wiley
1112,2003-04-26,Chelsea,Fulham,1.0,1.0,D,1.0,0.0,H,11.0,7.0,5.0,5.0,9.0,2.0,9.0,11.0,3.0,2.0,0.0,0.0,David Elleray
1113,2003-04-26,Everton,Aston Villa,2.0,1.0,H,0.0,0.0,D,11.0,15.0,8.0,10.0,8.0,6.0,10.0,13.0,0.0,1.0,0.0,0.0,Graham Poll
1114,2003-04-26,Leeds,Blackburn,2.0,3.0,A,1.0,1.0,D,15.0,10.0,9.0,5.0,11.0,6.0,12.0,18.0,2.0,1.0,0.0,0.0,Paul Durkin
1115,2003-04-26,Sunderland,Newcastle,0.0,1.0,A,0.0,1.0,A,12.0,18.0,8.0,9.0,6.0,8.0,20.0,18.0,4.0,4.0,0.0,0.0,Steve Bennett
1116,2003-04-26,West Brom,Liverpool,0.0,6.0,A,0.0,1.0,A,9.0,18.0,5.0,14.0,4.0,3.0,12.0,6.0,1.0,1.0,0.0,0.0,Dermot Gallagher
1117,2003-04-27,Man City,West Ham,0.0,1.0,A,0.0,0.0,D,16.0,11.0,5.0,7.0,11.0,6.0,10.0,11.0,1.0,1.0,0.0,0.0,Rob Styles
1118,2003-04-27,Tottenham,Man United,0.0,2.0,A,0.0,0.0,D,6.0,20.0,3.0,15.0,5.0,8.0,11.0,11.0,0.0,0.0,0.0,0.0,Jeff Winter
1119,2003-03-05,Aston Villa,Sunderland,1.0,0.0,H,0.0,0.0,D,11.0,11.0,4.0,7.0,12.0,6.0,11.0,13.0,0.0,1.0,0.0,0.0,Steve Dunn
1120,2003-03-05,Blackburn,West Brom,1.0,1.0,D,1.0,0.0,H,13.0,13.0,7.0,7.0,7.0,2.0,14.0,16.0,2.0,1.0,0.0,0.0,Rob Styles
1121,2003-03-05,Fulham,Everton,2.0,0.0,H,2.0,0.0,H,13.0,16.0,6.0,8.0,6.0,9.0,14.0,13.0,1.0,1.0,0.0,0.0,Graham Barber
1122,2003-03-05,Liverpool,Man City,1.0,2.0,A,0.0,0.0,D,8.0,6.0,6.0,3.0,8.0,4.0,9.0,17.0,2.0,2.0,0.0,0.0,Neale Barry
1123,2003-03-05,Man United,Charlton,4.0,1.0,H,3.0,1.0,H,21.0,4.0,14.0,2.0,11.0,3.0,6.0,10.0,0.0,1.0,0.0,0.0,Mark Halsey
1124,2003-03-05,Middlesbrough,Tottenham,5.0,1.0,H,3.0,0.0,H,26.0,6.0,16.0,4.0,8.0,3.0,15.0,9.0,0.0,2.0,0.0,1.0,Uriah Rennie
1125,2003-03-05,Newcastle,Birmingham,1.0,0.0,H,1.0,0.0,H,18.0,4.0,9.0,2.0,8.0,4.0,14.0,12.0,0.0,2.0,0.0,1.0,David Elleray
1126,2003-03-05,Southampton,Bolton,0.0,0.0,D,0.0,0.0,D,10.0,10.0,4.0,2.0,7.0,3.0,19.0,9.0,3.0,2.0,0.0,0.0,Phil Dowd
1127,2003-03-05,West Ham,Chelsea,1.0,0.0,H,0.0,0.0,D,11.0,8.0,7.0,3.0,10.0,8.0,12.0,15.0,3.0,1.0,0.0,0.0,Andy D'Urso
1128,2003-04-05,Arsenal,Leeds,2.0,3.0,A,1.0,1.0,D,33.0,11.0,17.0,6.0,6.0,2.0,16.0,16.0,2.0,1.0,0.0,0.0,Alan Wiley
1129,2003-07-05,Arsenal,Southampton,6.0,1.0,H,5.0,1.0,H,16.0,13.0,13.0,5.0,6.0,10.0,12.0,16.0,1.0,1.0,0.0,0.0,Uriah Rennie
1130,2003-11-05,Birmingham,West Ham,2.0,2.0,D,0.0,0.0,D,10.0,16.0,7.0,10.0,6.0,7.0,18.0,11.0,1.0,1.0,0.0,0.0,Graham Poll
1131,2003-11-05,Bolton,Middlesbrough,2.0,1.0,H,2.0,0.0,H,13.0,6.0,6.0,3.0,6.0,5.0,18.0,18.0,3.0,2.0,0.0,1.0,Rob Styles
1132,2003-11-05,Charlton,Fulham,0.0,1.0,A,0.0,1.0,A,10.0,17.0,4.0,7.0,2.0,4.0,13.0,14.0,2.0,3.0,1.0,0.0,Dermot Gallagher
1133,2003-11-05,Chelsea,Liverpool,2.0,1.0,H,2.0,1.0,H,13.0,5.0,6.0,3.0,4.0,3.0,17.0,13.0,3.0,1.0,0.0,1.0,Alan Wiley
1134,2003-11-05,Everton,Man United,1.0,2.0,A,1.0,1.0,D,8.0,17.0,4.0,12.0,6.0,6.0,16.0,15.0,5.0,3.0,0.0,0.0,Mike Riley
1135,2003-11-05,Leeds,Aston Villa,3.0,1.0,H,1.0,1.0,D,11.0,18.0,5.0,6.0,1.0,8.0,18.0,14.0,0.0,1.0,0.0,0.0,Mark Halsey
1136,2003-11-05,Man City,Southampton,0.0,1.0,A,0.0,1.0,A,17.0,6.0,7.0,3.0,10.0,4.0,14.0,14.0,3.0,4.0,0.0,0.0,Mike Dean
1137,2003-11-05,Sunderland,Arsenal,0.0,4.0,A,0.0,2.0,A,7.0,20.0,3.0,13.0,6.0,10.0,16.0,12.0,1.0,0.0,0.0,0.0,Paul Durkin
1138,2003-11-05,Tottenham,Blackburn,0.0,4.0,A,0.0,2.0,A,11.0,13.0,7.0,9.0,6.0,3.0,9.0,12.0,1.0,1.0,1.0,0.0,Andy D'Urso
1139,2003-11-05,West Brom,Newcastle,2.0,2.0,D,0.0,1.0,A,8.0,14.0,3.0,9.0,2.0,8.0,9.0,8.0,0.0,0.0,0.0,0.0,Graham Barber
1140,2003-08-16,Arsenal,Everton,2.0,1.0,H,1.0,0.0,H,11.0,13.0,5.0,7.0,6.0,9.0,8.0,15.0,1.0,3.0,1.0,1.0,Mark Halsey
1141,2003-08-16,Birmingham,Tottenham,1.0,0.0,H,1.0,0.0,H,10.0,15.0,5.0,7.0,1.0,4.0,20.0,27.0,3.0,5.0,0.0,0.0,Rob Styles
1142,2003-08-16,Blackburn,Wolves,5.0,1.0,H,2.0,0.0,H,25.0,8.0,13.0,5.0,6.0,2.0,8.0,14.0,1.0,1.0,0.0,0.0,Jeff Winter
1143,2003-08-16,Fulham,Middlesbrough,3.0,2.0,H,1.0,1.0,D,17.0,8.0,9.0,5.0,7.0,6.0,18.0,16.0,1.0,1.0,0.0,0.0,Graham Poll
1144,2003-08-16,Leicester,Southampton,2.0,2.0,D,2.0,0.0,H,12.0,13.0,7.0,10.0,2.0,7.0,27.0,15.0,3.0,1.0,0.0,0.0,Mike Riley
1145,2003-08-16,Man United,Bolton,4.0,0.0,H,1.0,0.0,H,13.0,15.0,6.0,5.0,8.0,4.0,12.0,8.0,0.0,4.0,0.0,0.0,Paul Durkin
1146,2003-08-16,Portsmouth,Aston Villa,2.0,1.0,H,1.0,0.0,H,4.0,9.0,3.0,5.0,7.0,9.0,18.0,22.0,2.0,1.0,0.0,1.0,Graham Barber
1147,2003-08-17,Charlton,Man City,0.0,3.0,A,0.0,2.0,A,10.0,14.0,5.0,8.0,4.0,7.0,12.0,16.0,2.0,1.0,1.0,0.0,Mike Dean
1148,2003-08-17,Leeds,Newcastle,2.0,2.0,D,1.0,1.0,D,8.0,19.0,3.0,10.0,4.0,8.0,19.0,16.0,4.0,2.0,0.0,0.0,Martin Atkinson
1149,2003-08-17,Liverpool,Chelsea,1.0,2.0,A,0.0,1.0,A,12.0,10.0,7.0,6.0,8.0,6.0,13.0,12.0,3.0,1.0,0.0,0.0,Steve Bennett
1150,2003-08-23,Bolton,Blackburn,2.0,2.0,D,2.0,0.0,H,16.0,10.0,10.0,5.0,9.0,2.0,11.0,15.0,2.0,4.0,0.0,1.0,Andy D'Urso
1151,2003-08-23,Chelsea,Leicester,2.0,1.0,H,2.0,1.0,H,17.0,5.0,7.0,1.0,7.0,2.0,12.0,18.0,0.0,3.0,1.0,2.0,Rob Styles
1152,2003-08-23,Everton,Fulham,3.0,1.0,H,3.0,0.0,H,10.0,23.0,8.0,15.0,4.0,10.0,15.0,14.0,2.0,4.0,0.0,0.0,Neale Barry
1153,2003-08-23,Man City,Portsmouth,1.0,1.0,D,0.0,1.0,A,21.0,4.0,11.0,2.0,11.0,7.0,8.0,22.0,2.0,3.0,0.0,0.0,Matt Messias
1154,2003-08-23,Newcastle,Man United,1.0,2.0,A,1.0,0.0,H,7.0,11.0,5.0,8.0,2.0,4.0,18.0,14.0,2.0,2.0,0.0,0.0,Uriah Rennie
1155,2003-08-23,Southampton,Birmingham,0.0,0.0,D,0.0,0.0,D,14.0,12.0,7.0,5.0,2.0,7.0,15.0,19.0,3.0,1.0,0.0,0.0,Graham Barber
1156,2003-08-23,Tottenham,Leeds,2.0,1.0,H,1.0,1.0,D,20.0,5.0,4.0,2.0,6.0,0.0,14.0,14.0,1.0,2.0,0.0,0.0,Steve Dunn
1157,2003-08-23,Wolves,Charlton,0.0,4.0,A,0.0,4.0,A,10.0,8.0,4.0,6.0,5.0,2.0,11.0,7.0,2.0,1.0,0.0,1.0,Phil Dowd
1158,2003-08-24,Aston Villa,Liverpool,0.0,0.0,D,0.0,0.0,D,14.0,15.0,9.0,9.0,8.0,9.0,16.0,7.0,0.0,1.0,0.0,0.0,Paul Durkin
1159,2003-08-24,Middlesbrough,Arsenal,0.0,4.0,A,0.0,3.0,A,10.0,14.0,4.0,10.0,3.0,5.0,11.0,7.0,1.0,0.0,0.0,0.0,Dermot Gallagher
1160,2003-08-25,Blackburn,Man City,2.0,3.0,A,1.0,1.0,D,14.0,13.0,10.0,5.0,9.0,0.0,14.0,10.0,2.0,1.0,0.0,0.0,Alan Wiley
1161,2003-08-26,Charlton,Everton,2.0,2.0,D,1.0,1.0,D,10.0,13.0,4.0,4.0,6.0,8.0,8.0,8.0,1.0,1.0,0.0,0.0,Steve Dunn
1162,2003-08-26,Leeds,Southampton,0.0,0.0,D,0.0,0.0,D,15.0,14.0,6.0,8.0,6.0,10.0,10.0,11.0,2.0,3.0,0.0,0.0,Paul Durkin
1163,2003-08-26,Leicester,Middlesbrough,0.0,0.0,D,0.0,0.0,D,12.0,13.0,4.0,3.0,6.0,4.0,17.0,16.0,3.0,2.0,0.0,0.0,Graham Barber
1164,2003-08-26,Portsmouth,Bolton,4.0,0.0,H,0.0,0.0,D,13.0,13.0,8.0,4.0,0.0,4.0,12.0,14.0,2.0,4.0,0.0,0.0,Dermot Gallagher
1165,2003-08-27,Arsenal,Aston Villa,2.0,0.0,H,0.0,0.0,D,14.0,6.0,6.0,3.0,2.0,6.0,16.0,16.0,3.0,4.0,0.0,0.0,Mike Dean
1166,2003-08-27,Liverpool,Tottenham,0.0,0.0,D,0.0,0.0,D,22.0,9.0,10.0,4.0,8.0,5.0,20.0,27.0,2.0,5.0,0.0,0.0,Uriah Rennie
1167,2003-08-27,Man United,Wolves,1.0,0.0,H,0.0,0.0,D,14.0,12.0,5.0,2.0,10.0,2.0,6.0,12.0,2.0,2.0,0.0,0.0,Graham Poll
1168,2003-08-30,Aston Villa,Leicester,3.0,1.0,H,3.0,0.0,H,10.0,5.0,8.0,4.0,11.0,1.0,18.0,17.0,1.0,2.0,0.0,1.0,Steve Bennett
1169,2003-08-30,Bolton,Charlton,0.0,0.0,D,0.0,0.0,D,13.0,7.0,9.0,1.0,12.0,3.0,18.0,16.0,4.0,2.0,0.0,0.0,Alan Wiley
1170,2003-08-30,Chelsea,Blackburn,2.0,2.0,D,1.0,1.0,D,12.0,7.0,5.0,4.0,3.0,4.0,11.0,19.0,0.0,4.0,0.0,0.0,Mike Dean
1171,2003-08-30,Everton,Liverpool,0.0,3.0,A,0.0,1.0,A,11.0,18.0,5.0,11.0,9.0,5.0,22.0,17.0,3.0,3.0,0.0,0.0,Mike Riley
1172,2003-08-30,Middlesbrough,Leeds,2.0,3.0,A,0.0,1.0,A,27.0,8.0,16.0,4.0,6.0,3.0,17.0,21.0,2.0,3.0,0.0,0.0,Neale Barry
1173,2003-08-30,Newcastle,Birmingham,0.0,1.0,A,0.0,0.0,D,19.0,7.0,10.0,3.0,9.0,6.0,15.0,15.0,2.0,1.0,0.0,0.0,Matt Messias
1174,2003-08-30,Tottenham,Fulham,0.0,3.0,A,0.0,1.0,A,18.0,9.0,6.0,5.0,9.0,4.0,15.0,13.0,0.0,2.0,0.0,0.0,Jeff Winter
1175,2003-08-30,Wolves,Portsmouth,0.0,0.0,D,0.0,0.0,D,11.0,9.0,2.0,2.0,4.0,6.0,15.0,16.0,3.0,5.0,0.0,0.0,Andy D'Urso
1176,2003-08-31,Man City,Arsenal,1.0,2.0,A,1.0,0.0,H,11.0,10.0,7.0,5.0,5.0,5.0,12.0,11.0,4.0,3.0,0.0,0.0,Graham Poll
1177,2003-08-31,Southampton,Man United,1.0,0.0,H,0.0,0.0,D,12.0,10.0,5.0,9.0,9.0,5.0,8.0,10.0,1.0,0.0,0.0,0.0,Mark Halsey
1178,2003-09-13,Arsenal,Portsmouth,1.0,1.0,D,1.0,1.0,D,12.0,8.0,7.0,2.0,7.0,1.0,11.0,19.0,2.0,3.0,0.0,0.0,Alan Wiley
1179,2003-09-13,Blackburn,Liverpool,1.0,3.0,A,1.0,1.0,D,8.0,21.0,5.0,14.0,5.0,10.0,13.0,11.0,2.0,2.0,1.0,0.0,Neale Barry
1180,2003-09-13,Bolton,Middlesbrough,2.0,0.0,H,1.0,0.0,H,13.0,7.0,8.0,6.0,10.0,1.0,17.0,14.0,3.0,3.0,0.0,0.0,Phil Dowd
1181,2003-09-13,Charlton,Man United,0.0,2.0,A,0.0,0.0,D,8.0,14.0,3.0,9.0,3.0,3.0,19.0,18.0,2.0,2.0,1.0,0.0,Mike Riley
1182,2003-09-13,Chelsea,Tottenham,4.0,2.0,H,2.0,1.0,H,12.0,9.0,6.0,3.0,10.0,3.0,16.0,20.0,1.0,4.0,0.0,0.0,Graham Poll
1183,2003-09-13,Everton,Newcastle,2.0,2.0,D,0.0,0.0,D,9.0,4.0,7.0,2.0,6.0,3.0,20.0,21.0,5.0,5.0,1.0,1.0,Rob Styles
1184,2003-09-13,Southampton,Wolves,2.0,0.0,H,1.0,0.0,H,15.0,10.0,10.0,3.0,7.0,3.0,16.0,20.0,3.0,5.0,0.0,0.0,Uriah Rennie
1185,2003-09-14,Birmingham,Fulham,2.0,2.0,D,1.0,1.0,D,15.0,8.0,9.0,6.0,8.0,1.0,16.0,21.0,1.0,4.0,1.0,1.0,Steve Dunn
1186,2003-09-14,Man City,Aston Villa,4.0,1.0,H,0.0,1.0,A,17.0,8.0,9.0,4.0,4.0,3.0,11.0,11.0,0.0,1.0,0.0,0.0,Mark Halsey
1187,2003-09-15,Leicester,Leeds,4.0,0.0,H,2.0,0.0,H,19.0,14.0,11.0,2.0,9.0,5.0,10.0,10.0,0.0,2.0,0.0,0.0,Jeff Winter
1188,2003-09-20,Aston Villa,Charlton,2.0,1.0,H,1.0,0.0,H,15.0,8.0,6.0,3.0,10.0,2.0,13.0,13.0,3.0,2.0,0.0,0.0,Chris Foy
1189,2003-09-20,Fulham,Man City,2.0,2.0,D,0.0,0.0,D,13.0,7.0,9.0,6.0,2.0,4.0,14.0,19.0,2.0,5.0,0.0,0.0,Phil Dowd
1190,2003-09-20,Leeds,Birmingham,0.0,2.0,A,0.0,0.0,D,12.0,7.0,6.0,3.0,6.0,1.0,15.0,14.0,4.0,2.0,1.0,0.0,Dermot Gallagher
1191,2003-09-20,Liverpool,Leicester,2.0,1.0,H,1.0,0.0,H,19.0,9.0,8.0,3.0,4.0,4.0,10.0,9.0,0.0,0.0,0.0,0.0,Mark Halsey
1192,2003-09-20,Newcastle,Bolton,0.0,0.0,D,0.0,0.0,D,14.0,8.0,7.0,6.0,7.0,5.0,15.0,12.0,1.0,1.0,0.0,0.0,Graham Barber
1193,2003-09-20,Portsmouth,Blackburn,1.0,2.0,A,0.0,2.0,A,9.0,12.0,6.0,10.0,7.0,6.0,17.0,18.0,2.0,3.0,0.0,0.0,Paul Durkin
1194,2003-09-20,Tottenham,Southampton,1.0,3.0,A,0.0,2.0,A,13.0,12.0,6.0,10.0,4.0,7.0,15.0,14.0,1.0,1.0,0.0,0.0,Andy D'Urso
1195,2003-09-20,Wolves,Chelsea,0.0,5.0,A,0.0,2.0,A,8.0,14.0,4.0,8.0,1.0,3.0,15.0,15.0,2.0,3.0,0.0,0.0,Matt Messias
1196,2003-09-21,Man United,Arsenal,0.0,0.0,D,0.0,0.0,D,9.0,6.0,7.0,1.0,4.0,3.0,11.0,15.0,4.0,3.0,0.0,1.0,Steve Bennett
1197,2003-09-21,Middlesbrough,Everton,1.0,0.0,H,1.0,0.0,H,9.0,9.0,4.0,5.0,4.0,6.0,12.0,14.0,2.0,3.0,0.0,0.0,Alan Wiley
1198,2003-09-26,Arsenal,Newcastle,3.0,2.0,H,1.0,1.0,D,11.0,5.0,7.0,4.0,3.0,4.0,13.0,17.0,0.0,1.0,0.0,0.0,Mike Riley
1199,2003-09-27,Birmingham,Portsmouth,2.0,0.0,H,1.0,0.0,H,7.0,10.0,5.0,5.0,4.0,4.0,10.0,16.0,1.0,3.0,0.0,0.0,Steve Bennett
1200,2003-09-27,Bolton,Wolves,1.0,1.0,D,0.0,1.0,A,22.0,8.0,14.0,4.0,12.0,3.0,16.0,4.0,2.0,0.0,0.0,0.0,Mike Dean
1201,2003-09-27,Chelsea,Aston Villa,1.0,0.0,H,1.0,0.0,H,10.0,7.0,5.0,1.0,6.0,5.0,7.0,9.0,0.0,2.0,0.0,0.0,Jeff Winter
1202,2003-09-27,Leicester,Man United,1.0,4.0,A,0.0,3.0,A,10.0,11.0,4.0,9.0,7.0,3.0,7.0,11.0,0.0,0.0,0.0,0.0,Graham Poll
1203,2003-09-27,Southampton,Middlesbrough,0.0,1.0,A,0.0,1.0,A,10.0,12.0,6.0,9.0,4.0,4.0,12.0,19.0,4.0,3.0,1.0,0.0,Barry Knight
1204,2003-09-28,Blackburn,Fulham,0.0,2.0,A,0.0,1.0,A,6.0,7.0,0.0,2.0,5.0,5.0,14.0,11.0,2.0,4.0,0.0,0.0,Matt Messias
1205,2003-09-28,Charlton,Liverpool,3.0,2.0,H,2.0,1.0,H,14.0,17.0,5.0,9.0,7.0,5.0,11.0,9.0,2.0,1.0,0.0,0.0,Rob Styles
1206,2003-09-28,Everton,Leeds,4.0,0.0,H,3.0,0.0,H,20.0,6.0,9.0,2.0,11.0,4.0,11.0,15.0,0.0,2.0,0.0,0.0,Paul Durkin
1207,2003-09-28,Man City,Tottenham,0.0,0.0,D,0.0,0.0,D,21.0,4.0,10.0,2.0,6.0,6.0,7.0,15.0,2.0,1.0,0.0,0.0,Neale Barry
1208,2003-04-10,Fulham,Leicester,2.0,0.0,H,1.0,0.0,H,16.0,8.0,8.0,4.0,4.0,4.0,14.0,10.0,2.0,1.0,0.0,0.0,Chris Foy
1209,2003-04-10,Leeds,Blackburn,2.0,1.0,H,2.0,0.0,H,15.0,17.0,5.0,9.0,2.0,5.0,18.0,20.0,3.0,1.0,0.0,0.0,Uriah Rennie
1210,2003-04-10,Liverpool,Arsenal,1.0,2.0,A,1.0,1.0,D,13.0,12.0,7.0,8.0,11.0,3.0,12.0,20.0,2.0,2.0,0.0,0.0,Graham Barber
1211,2003-04-10,Man United,Birmingham,3.0,0.0,H,1.0,0.0,H,10.0,5.0,8.0,2.0,5.0,1.0,13.0,11.0,0.0,1.0,0.0,1.0,Mike Dean
1212,2003-04-10,Newcastle,Southampton,1.0,0.0,H,1.0,0.0,H,14.0,7.0,9.0,4.0,8.0,4.0,14.0,10.0,3.0,2.0,0.0,0.0,Phil Dowd
1213,2003-04-10,Portsmouth,Charlton,1.0,2.0,A,1.0,0.0,H,16.0,11.0,8.0,6.0,6.0,9.0,20.0,14.0,3.0,2.0,0.0,0.0,Graham Poll
1214,2003-04-10,Tottenham,Everton,3.0,0.0,H,1.0,0.0,H,13.0,12.0,7.0,4.0,2.0,6.0,15.0,14.0,2.0,2.0,0.0,0.0,Dermot Gallagher
1215,2003-04-10,Wolves,Man City,1.0,0.0,H,0.0,0.0,D,8.0,9.0,4.0,5.0,3.0,10.0,13.0,7.0,3.0,2.0,0.0,0.0,Jeff Winter
1216,2003-05-10,Aston Villa,Bolton,1.0,1.0,D,0.0,0.0,D,14.0,15.0,8.0,5.0,9.0,5.0,14.0,16.0,1.0,5.0,0.0,0.0,Rob Styles
1217,2003-05-10,Middlesbrough,Chelsea,1.0,2.0,A,0.0,1.0,A,15.0,10.0,6.0,6.0,2.0,8.0,14.0,18.0,1.0,2.0,0.0,0.0,Mark Halsey
1218,2003-10-14,Birmingham,Chelsea,0.0,0.0,D,0.0,0.0,D,6.0,13.0,2.0,8.0,2.0,18.0,10.0,14.0,2.0,4.0,0.0,0.0,Neale Barry
1219,2003-10-18,Arsenal,Chelsea,2.0,1.0,H,1.0,1.0,D,13.0,7.0,9.0,3.0,6.0,3.0,11.0,13.0,1.0,2.0,0.0,0.0,Paul Durkin
1220,2003-10-18,Fulham,Wolves,0.0,0.0,D,0.0,0.0,D,9.0,14.0,4.0,6.0,4.0,11.0,12.0,11.0,2.0,2.0,0.0,0.0,Howard Webb
1221,2003-10-18,Leeds,Man United,0.0,1.0,A,0.0,0.0,D,3.0,18.0,2.0,10.0,7.0,2.0,19.0,8.0,4.0,1.0,0.0,0.0,Graham Poll
1222,2003-10-18,Man City,Bolton,6.0,2.0,H,1.0,1.0,D,16.0,12.0,13.0,8.0,7.0,4.0,11.0,8.0,1.0,1.0,1.0,0.0,Steve Bennett
1223,2003-10-18,Middlesbrough,Newcastle,0.0,1.0,A,0.0,1.0,A,11.0,4.0,7.0,3.0,8.0,2.0,17.0,12.0,3.0,3.0,0.0,0.0,Alan Wiley
1224,2003-10-18,Portsmouth,Liverpool,1.0,0.0,H,1.0,0.0,H,10.0,13.0,6.0,7.0,5.0,3.0,22.0,10.0,2.0,2.0,0.0,0.0,Steve Dunn
1225,2003-10-19,Birmingham,Aston Villa,0.0,0.0,D,0.0,0.0,D,4.0,2.0,3.0,1.0,3.0,4.0,16.0,20.0,2.0,1.0,0.0,0.0,Mike Riley
1226,2003-10-19,Everton,Southampton,0.0,0.0,D,0.0,0.0,D,13.0,19.0,6.0,7.0,8.0,6.0,11.0,6.0,1.0,2.0,0.0,0.0,Matt Messias
1227,2003-10-19,Leicester,Tottenham,1.0,2.0,A,1.0,0.0,H,22.0,7.0,15.0,4.0,5.0,1.0,12.0,19.0,3.0,3.0,0.0,0.0,Andy D'Urso
1228,2003-10-20,Blackburn,Charlton,0.0,1.0,A,0.0,1.0,A,15.0,10.0,6.0,5.0,5.0,3.0,17.0,12.0,3.0,0.0,0.0,0.0,Graham Barber
1229,2003-10-21,Fulham,Newcastle,2.0,3.0,A,2.0,1.0,H,4.0,11.0,4.0,7.0,4.0,8.0,14.0,16.0,2.0,2.0,0.0,0.0,Barry Knight
1230,2003-10-25,Aston Villa,Everton,0.0,0.0,D,0.0,0.0,D,16.0,8.0,6.0,2.0,9.0,3.0,11.0,12.0,0.0,1.0,0.0,0.0,Andy D'Urso
1231,2003-10-25,Bolton,Birmingham,0.0,1.0,A,0.0,1.0,A,16.0,7.0,7.0,3.0,7.0,3.0,14.0,16.0,1.0,2.0,0.0,0.0,Chris Foy
1232,2003-10-25,Chelsea,Man City,1.0,0.0,H,1.0,0.0,H,7.0,9.0,4.0,6.0,1.0,5.0,8.0,8.0,0.0,0.0,0.0,0.0,Phil Dowd
1233,2003-10-25,Liverpool,Leeds,3.0,1.0,H,1.0,1.0,D,20.0,7.0,9.0,5.0,9.0,3.0,11.0,13.0,0.0,2.0,0.0,0.0,Jeff Winter
1234,2003-10-25,Man United,Fulham,1.0,3.0,A,1.0,1.0,D,17.0,12.0,9.0,7.0,10.0,2.0,10.0,14.0,4.0,2.0,0.0,0.0,Mike Riley
1235,2003-10-25,Newcastle,Portsmouth,3.0,0.0,H,2.0,0.0,H,10.0,9.0,8.0,4.0,6.0,6.0,12.0,14.0,0.0,1.0,0.0,0.0,Paul Durkin
1236,2003-10-25,Southampton,Blackburn,2.0,0.0,H,0.0,0.0,D,22.0,6.0,15.0,3.0,5.0,3.0,17.0,14.0,0.0,1.0,0.0,1.0,Steve Bennett
1237,2003-10-25,Wolves,Leicester,4.0,3.0,H,0.0,3.0,A,12.0,7.0,8.0,5.0,2.0,6.0,6.0,13.0,0.0,2.0,0.0,0.0,Peter Walton
1238,2003-10-26,Charlton,Arsenal,1.0,1.0,D,1.0,1.0,D,6.0,11.0,4.0,6.0,7.0,5.0,15.0,13.0,1.0,1.0,0.0,0.0,Steve Dunn
1239,2003-10-26,Tottenham,Middlesbrough,0.0,0.0,D,0.0,0.0,D,12.0,16.0,8.0,10.0,8.0,5.0,14.0,10.0,3.0,2.0,0.0,0.0,Mike Dean
1240,2003-01-11,Everton,Chelsea,0.0,1.0,A,0.0,0.0,D,12.0,17.0,4.0,7.0,3.0,1.0,5.0,11.0,0.0,0.0,0.0,0.0,Jeff Winter
1241,2003-01-11,Leeds,Arsenal,1.0,4.0,A,0.0,3.0,A,9.0,13.0,5.0,9.0,4.0,3.0,12.0,11.0,1.0,0.0,0.0,0.0,Mike Dean
1242,2003-01-11,Man United,Portsmouth,3.0,0.0,H,1.0,0.0,H,10.0,9.0,4.0,3.0,3.0,3.0,13.0,12.0,0.0,3.0,0.0,0.0,Neale Barry
1243,2003-01-11,Middlesbrough,Wolves,2.0,0.0,H,0.0,0.0,D,14.0,9.0,11.0,2.0,7.0,3.0,8.0,12.0,1.0,2.0,0.0,1.0,Steve Dunn
1244,2003-01-11,Newcastle,Aston Villa,1.0,1.0,D,1.0,1.0,D,22.0,11.0,13.0,6.0,15.0,3.0,9.0,17.0,2.0,3.0,0.0,1.0,Matt Messias
1245,2003-01-11,Southampton,Man City,0.0,2.0,A,0.0,1.0,A,8.0,13.0,5.0,9.0,4.0,6.0,10.0,16.0,1.0,1.0,0.0,0.0,Alan Wiley
1246,2003-01-11,Tottenham,Bolton,0.0,1.0,A,0.0,0.0,D,10.0,25.0,6.0,15.0,7.0,5.0,18.0,6.0,3.0,0.0,0.0,0.0,Uriah Rennie
1247,2003-02-11,Fulham,Liverpool,1.0,2.0,A,1.0,1.0,D,10.0,10.0,6.0,6.0,4.0,8.0,13.0,10.0,1.0,1.0,1.0,0.0,Rob Styles
1248,2003-02-11,Leicester,Blackburn,2.0,0.0,H,0.0,0.0,D,4.0,10.0,3.0,2.0,2.0,6.0,11.0,11.0,2.0,1.0,0.0,0.0,Dermot Gallagher
1249,2003-03-11,Birmingham,Charlton,1.0,2.0,A,0.0,1.0,A,14.0,13.0,13.0,9.0,15.0,8.0,14.0,18.0,1.0,1.0,0.0,0.0,Phil Dowd
1250,2003-08-11,Arsenal,Tottenham,2.0,1.0,H,0.0,1.0,A,9.0,5.0,3.0,2.0,9.0,5.0,8.0,22.0,1.0,4.0,0.0,0.0,Mark Halsey
1251,2003-08-11,Aston Villa,Middlesbrough,0.0,2.0,A,0.0,1.0,A,12.0,8.0,4.0,3.0,5.0,2.0,19.0,16.0,1.0,2.0,0.0,0.0,Dermot Gallagher
1252,2003-08-11,Bolton,Southampton,0.0,0.0,D,0.0,0.0,D,18.0,8.0,11.0,5.0,8.0,6.0,10.0,14.0,2.0,1.0,0.0,1.0,Howard Webb
1253,2003-08-11,Charlton,Fulham,3.0,1.0,H,1.0,0.0,H,12.0,11.0,7.0,7.0,1.0,5.0,10.0,12.0,1.0,2.0,0.0,0.0,Andy D'Urso
1254,2003-08-11,Portsmouth,Leeds,6.0,1.0,H,2.0,1.0,H,14.0,6.0,6.0,5.0,3.0,2.0,9.0,11.0,1.0,4.0,0.0,0.0,Chris Foy
1255,2003-08-11,Wolves,Birmingham,1.0,1.0,D,0.0,0.0,D,11.0,4.0,4.0,2.0,8.0,1.0,13.0,12.0,2.0,1.0,0.0,0.0,Graham Barber
1256,2003-09-11,Chelsea,Newcastle,5.0,0.0,H,3.0,0.0,H,15.0,4.0,8.0,3.0,2.0,0.0,13.0,5.0,0.0,0.0,0.0,1.0,Paul Durkin
1257,2003-09-11,Liverpool,Man United,1.0,2.0,A,0.0,0.0,D,10.0,6.0,4.0,4.0,2.0,6.0,16.0,9.0,1.0,2.0,0.0,0.0,Graham Poll
1258,2003-09-11,Man City,Leicester,0.0,3.0,A,0.0,1.0,A,14.0,6.0,4.0,3.0,12.0,3.0,7.0,12.0,2.0,2.0,0.0,0.0,Mike Riley
1259,2003-10-11,Blackburn,Everton,2.0,1.0,H,2.0,0.0,H,18.0,8.0,12.0,2.0,12.0,3.0,16.0,9.0,3.0,2.0,0.0,0.0,Phil Dowd
1260,2003-11-22,Birmingham,Arsenal,0.0,3.0,A,0.0,1.0,A,7.0,9.0,1.0,6.0,8.0,6.0,8.0,11.0,1.0,2.0,0.0,0.0,Paul Durkin
1261,2003-11-22,Everton,Wolves,2.0,0.0,H,2.0,0.0,H,23.0,8.0,15.0,4.0,8.0,3.0,7.0,23.0,2.0,2.0,0.0,0.0,Mike Riley
1262,2003-11-22,Leeds,Bolton,0.0,2.0,A,0.0,2.0,A,13.0,10.0,10.0,5.0,8.0,2.0,15.0,11.0,1.0,0.0,0.0,0.0,Graham Poll
1263,2003-11-22,Leicester,Charlton,1.0,1.0,D,1.0,0.0,H,13.0,7.0,7.0,4.0,3.0,3.0,15.0,15.0,2.0,1.0,0.0,0.0,Graham Barber
1264,2003-11-22,Man United,Blackburn,2.0,1.0,H,2.0,0.0,H,14.0,13.0,8.0,6.0,7.0,4.0,6.0,15.0,0.0,1.0,0.0,0.0,Mark Halsey
1265,2003-11-22,Middlesbrough,Liverpool,0.0,0.0,D,0.0,0.0,D,8.0,8.0,3.0,1.0,3.0,4.0,16.0,15.0,2.0,2.0,0.0,0.0,Phil Dowd
1266,2003-11-22,Newcastle,Man City,3.0,0.0,H,0.0,0.0,D,17.0,5.0,10.0,1.0,4.0,2.0,13.0,16.0,1.0,2.0,0.0,0.0,Neale Barry
1267,2003-11-22,Southampton,Chelsea,0.0,1.0,A,0.0,0.0,D,13.0,8.0,3.0,4.0,3.0,3.0,7.0,13.0,0.0,1.0,0.0,0.0,Dermot Gallagher
1268,2003-11-23,Tottenham,Aston Villa,2.0,1.0,H,0.0,0.0,D,10.0,13.0,5.0,6.0,3.0,3.0,14.0,15.0,0.0,1.0,0.0,0.0,Jeff Winter
1269,2003-11-24,Fulham,Portsmouth,2.0,0.0,H,2.0,0.0,H,8.0,12.0,4.0,6.0,2.0,11.0,9.0,16.0,0.0,3.0,0.0,1.0,Alan Wiley
1270,2003-11-29,Aston Villa,Southampton,1.0,0.0,H,1.0,0.0,H,22.0,7.0,12.0,3.0,9.0,4.0,13.0,13.0,0.0,1.0,0.0,0.0,Matt Messias
1271,2003-11-29,Blackburn,Tottenham,1.0,0.0,H,0.0,0.0,D,18.0,9.0,12.0,3.0,9.0,6.0,10.0,13.0,0.0,1.0,0.0,0.0,Graham Poll
1272,2003-11-29,Bolton,Everton,2.0,0.0,H,1.0,0.0,H,13.0,7.0,6.0,3.0,7.0,7.0,11.0,18.0,0.0,2.0,0.0,0.0,Paul Durkin
1273,2003-11-29,Charlton,Leeds,0.0,1.0,A,0.0,1.0,A,13.0,12.0,6.0,6.0,3.0,4.0,11.0,17.0,2.0,1.0,0.0,0.0,Mark Halsey
1274,2003-11-29,Portsmouth,Leicester,0.0,2.0,A,0.0,1.0,A,12.0,7.0,7.0,3.0,11.0,4.0,12.0,14.0,5.0,1.0,0.0,0.0,Mike Dean
1275,2003-11-29,Wolves,Newcastle,1.0,1.0,D,1.0,1.0,D,10.0,7.0,4.0,4.0,5.0,3.0,14.0,14.0,2.0,1.0,0.0,0.0,Steve Bennett
1276,2003-11-30,Arsenal,Fulham,0.0,0.0,D,0.0,0.0,D,22.0,7.0,14.0,1.0,9.0,0.0,13.0,11.0,1.0,1.0,0.0,0.0,Graham Barber
1277,2003-11-30,Chelsea,Man United,1.0,0.0,H,1.0,0.0,H,12.0,5.0,4.0,3.0,2.0,4.0,11.0,12.0,4.0,1.0,0.0,0.0,Alan Wiley
1278,2003-11-30,Liverpool,Birmingham,3.0,1.0,H,1.0,1.0,D,10.0,7.0,7.0,4.0,6.0,4.0,24.0,17.0,2.0,1.0,0.0,0.0,Neale Barry
1279,2003-11-30,Man City,Middlesbrough,0.0,1.0,A,0.0,1.0,A,24.0,2.0,14.0,0.0,12.0,0.0,15.0,12.0,0.0,0.0,0.0,0.0,Mike Riley
1280,2003-06-12,Birmingham,Blackburn,0.0,4.0,A,0.0,0.0,D,6.0,11.0,2.0,7.0,10.0,7.0,23.0,15.0,1.0,1.0,1.0,0.0,Graham Barber
1281,2003-06-12,Fulham,Bolton,2.0,1.0,H,0.0,0.0,D,10.0,10.0,3.0,5.0,3.0,2.0,15.0,11.0,0.0,2.0,0.0,0.0,Andy D'Urso
1282,2003-06-12,Leeds,Chelsea,1.0,1.0,D,1.0,0.0,H,8.0,19.0,4.0,10.0,2.0,8.0,14.0,11.0,3.0,2.0,0.0,0.0,Mike Dean
1283,2003-06-12,Leicester,Arsenal,1.0,1.0,D,0.0,0.0,D,4.0,8.0,1.0,5.0,7.0,5.0,13.0,12.0,1.0,1.0,0.0,1.0,Rob Styles
1284,2003-06-12,Man United,Aston Villa,4.0,0.0,H,2.0,0.0,H,12.0,10.0,8.0,3.0,6.0,5.0,6.0,11.0,0.0,1.0,0.0,0.0,Steve Dunn
1285,2003-06-12,Middlesbrough,Portsmouth,0.0,0.0,D,0.0,0.0,D,5.0,6.0,3.0,2.0,6.0,5.0,17.0,20.0,2.0,3.0,0.0,1.0,Steve Bennett
1286,2003-06-12,Newcastle,Liverpool,1.0,1.0,D,0.0,1.0,A,13.0,7.0,6.0,3.0,8.0,1.0,13.0,13.0,1.0,4.0,0.0,0.0,Graham Poll
1287,2003-06-12,Tottenham,Wolves,5.0,2.0,H,1.0,1.0,D,12.0,16.0,10.0,8.0,4.0,5.0,14.0,8.0,2.0,0.0,0.0,0.0,Uriah Rennie
1288,2003-07-12,Everton,Man City,0.0,0.0,D,0.0,0.0,D,9.0,15.0,2.0,7.0,3.0,5.0,11.0,13.0,1.0,1.0,0.0,0.0,Jeff Winter
1289,2003-07-12,Southampton,Charlton,3.0,2.0,H,2.0,0.0,H,18.0,20.0,14.0,14.0,8.0,9.0,12.0,12.0,0.0,0.0,0.0,0.0,Peter Walton
1290,2003-12-13,Chelsea,Bolton,1.0,2.0,A,1.0,1.0,D,9.0,4.0,5.0,2.0,8.0,3.0,13.0,11.0,2.0,2.0,0.0,0.0,Matt Messias
1291,2003-12-13,Leicester,Birmingham,0.0,2.0,A,0.0,1.0,A,8.0,9.0,5.0,4.0,6.0,7.0,19.0,16.0,2.0,2.0,2.0,0.0,Mike Riley
1292,2003-12-13,Liverpool,Southampton,1.0,2.0,A,0.0,1.0,A,18.0,8.0,10.0,4.0,9.0,5.0,6.0,8.0,0.0,0.0,0.0,0.0,Paul Durkin
1293,2003-12-13,Man United,Man City,3.0,1.0,H,2.0,0.0,H,10.0,12.0,7.0,9.0,2.0,5.0,8.0,10.0,0.0,2.0,0.0,0.0,Mark Halsey
1294,2003-12-13,Middlesbrough,Charlton,0.0,0.0,D,0.0,0.0,D,12.0,10.0,6.0,3.0,3.0,7.0,13.0,11.0,1.0,1.0,0.0,0.0,Howard Webb
1295,2003-12-13,Newcastle,Tottenham,4.0,0.0,H,1.0,0.0,H,19.0,4.0,11.0,4.0,11.0,7.0,10.0,12.0,2.0,2.0,0.0,0.0,Alan Wiley
1296,2003-12-13,Portsmouth,Everton,1.0,2.0,A,1.0,2.0,A,12.0,9.0,10.0,4.0,7.0,10.0,13.0,13.0,1.0,1.0,0.0,0.0,Uriah Rennie
1297,2003-12-14,Arsenal,Blackburn,1.0,0.0,H,1.0,0.0,H,11.0,5.0,7.0,1.0,5.0,6.0,14.0,14.0,2.0,4.0,0.0,0.0,Andy D'Urso
1298,2003-12-14,Aston Villa,Wolves,3.0,2.0,H,2.0,1.0,H,11.0,8.0,8.0,5.0,4.0,6.0,12.0,14.0,3.0,4.0,0.0,0.0,Graham Poll
1299,2003-12-14,Leeds,Fulham,3.0,2.0,H,1.0,0.0,H,14.0,10.0,11.0,7.0,6.0,5.0,17.0,11.0,2.0,1.0,0.0,0.0,Neale Barry
1300,2003-12-20,Blackburn,Aston Villa,0.0,2.0,A,0.0,0.0,D,12.0,15.0,5.0,7.0,9.0,1.0,7.0,11.0,1.0,0.0,0.0,0.0,Dermot Gallagher
1301,2003-12-20,Bolton,Arsenal,1.0,1.0,D,0.0,0.0,D,19.0,9.0,13.0,4.0,8.0,1.0,11.0,13.0,2.0,2.0,0.0,0.0,Graham Poll
1302,2003-12-20,Charlton,Newcastle,0.0,0.0,D,0.0,0.0,D,18.0,11.0,10.0,5.0,7.0,9.0,11.0,9.0,0.0,0.0,0.0,0.0,Steve Bennett
1303,2003-12-20,Everton,Leicester,3.0,2.0,H,1.0,1.0,D,15.0,6.0,8.0,4.0,11.0,7.0,13.0,18.0,2.0,3.0,0.0,0.0,Phil Dowd
1304,2003-12-20,Fulham,Chelsea,0.0,1.0,A,0.0,0.0,D,7.0,11.0,2.0,9.0,2.0,8.0,11.0,10.0,2.0,3.0,0.0,0.0,Mike Riley
1305,2003-12-21,Southampton,Portsmouth,3.0,0.0,H,1.0,0.0,H,12.0,11.0,7.0,7.0,8.0,5.0,7.0,21.0,0.0,3.0,0.0,0.0,Jeff Winter
1306,2003-12-21,Tottenham,Man United,1.0,2.0,A,0.0,2.0,A,14.0,12.0,8.0,7.0,7.0,8.0,12.0,8.0,2.0,2.0,0.0,0.0,Rob Styles
1307,2003-12-22,Man City,Leeds,1.0,1.0,D,0.0,1.0,A,19.0,6.0,11.0,4.0,8.0,5.0,7.0,8.0,0.0,3.0,0.0,0.0,Graham Barber
1308,2003-12-26,Arsenal,Wolves,3.0,0.0,H,2.0,0.0,H,15.0,5.0,10.0,1.0,14.0,3.0,15.0,17.0,2.0,5.0,0.0,0.0,Phil Dowd
1309,2003-12-26,Birmingham,Man City,2.0,1.0,H,0.0,1.0,A,5.0,9.0,3.0,5.0,9.0,3.0,18.0,14.0,2.0,1.0,0.0,0.0,Uriah Rennie
1310,2003-12-26,Blackburn,Middlesbrough,2.0,2.0,D,1.0,1.0,D,13.0,5.0,10.0,3.0,14.0,1.0,11.0,10.0,2.0,1.0,0.0,0.0,Alan Wiley
1311,2003-12-26,Charlton,Chelsea,4.0,2.0,H,2.0,1.0,H,8.0,15.0,4.0,8.0,8.0,6.0,14.0,10.0,1.0,1.0,0.0,0.0,Graham Poll
1312,2003-12-26,Fulham,Southampton,2.0,0.0,H,1.0,0.0,H,14.0,6.0,7.0,2.0,11.0,5.0,13.0,12.0,0.0,2.0,0.0,0.0,Dermot Gallagher
1313,2003-12-26,Leeds,Aston Villa,0.0,0.0,D,0.0,0.0,D,6.0,13.0,3.0,4.0,7.0,5.0,15.0,13.0,0.0,2.0,0.0,0.0,Steve Bennett
1314,2003-12-26,Leicester,Newcastle,1.0,1.0,D,0.0,0.0,D,6.0,12.0,5.0,6.0,6.0,7.0,11.0,10.0,0.0,0.0,0.0,0.0,Chris Foy
1315,2003-12-26,Liverpool,Bolton,3.0,1.0,H,1.0,0.0,H,13.0,7.0,8.0,2.0,7.0,1.0,10.0,18.0,0.0,2.0,0.0,0.0,Jeff Winter
1316,2003-12-26,Man United,Everton,3.0,2.0,H,2.0,1.0,H,19.0,10.0,11.0,6.0,7.0,2.0,8.0,10.0,0.0,2.0,0.0,0.0,Mike Dean
1317,2003-12-26,Portsmouth,Tottenham,2.0,0.0,H,0.0,0.0,D,10.0,5.0,8.0,3.0,3.0,6.0,10.0,10.0,1.0,1.0,0.0,0.0,Steve Dunn
1318,2003-12-28,Aston Villa,Fulham,3.0,0.0,H,1.0,0.0,H,12.0,9.0,8.0,3.0,8.0,3.0,17.0,7.0,0.0,0.0,0.0,0.0,Barry Knight
1319,2003-12-28,Bolton,Leicester,2.0,2.0,D,1.0,1.0,D,15.0,7.0,8.0,6.0,3.0,7.0,16.0,17.0,1.0,2.0,0.0,0.0,Neale Barry
1320,2003-12-28,Chelsea,Portsmouth,3.0,0.0,H,0.0,0.0,D,15.0,7.0,8.0,3.0,7.0,1.0,8.0,14.0,0.0,0.0,0.0,0.0,Graham Barber
1321,2003-12-28,Everton,Birmingham,1.0,0.0,H,0.0,0.0,D,16.0,5.0,6.0,2.0,5.0,2.0,7.0,13.0,0.0,0.0,0.0,0.0,Rob Styles
1322,2003-12-28,Man City,Liverpool,2.0,2.0,D,1.0,0.0,H,16.0,11.0,8.0,9.0,7.0,7.0,6.0,14.0,1.0,2.0,0.0,0.0,Mike Riley
1323,2003-12-28,Middlesbrough,Man United,0.0,1.0,A,0.0,1.0,A,11.0,10.0,2.0,6.0,4.0,2.0,11.0,15.0,3.0,2.0,0.0,1.0,Matt Messias
1324,2003-12-28,Newcastle,Blackburn,0.0,1.0,A,0.0,0.0,D,15.0,11.0,11.0,3.0,8.0,8.0,6.0,13.0,0.0,1.0,0.0,0.0,Mark Halsey
1325,2003-12-28,Tottenham,Charlton,0.0,1.0,A,0.0,0.0,D,18.0,10.0,9.0,8.0,11.0,11.0,8.0,13.0,1.0,0.0,0.0,0.0,Paul Durkin
1326,2003-12-28,Wolves,Leeds,3.0,1.0,H,1.0,1.0,D,11.0,9.0,4.0,4.0,6.0,10.0,11.0,14.0,1.0,4.0,0.0,1.0,Andy D'Urso
1327,2003-12-29,Southampton,Arsenal,0.0,1.0,A,0.0,1.0,A,6.0,17.0,3.0,9.0,2.0,3.0,14.0,10.0,1.0,0.0,0.0,0.0,Steve Dunn
